{"recon_loss": [163.1696571858724, 122.48684412638346, 109.22322232564291, 101.51620852152506, 96.34766914367675, 92.94301516215006, 90.66555600484212, 88.95684824625651, 87.58682456970215, 86.45626467386882, 85.48891400655111, 84.73851359049479, 84.01990361531576, 83.40396909077963, 82.86231786092122, 82.38073473612468, 81.94369733174642, 81.55443405151367, 81.1878678894043, 80.84932833353679], "val_recon_loss": [135.780059967041, 112.33533157348633, 104.6126466369629, 97.1897915649414, 94.03248336791992, 91.67199615478516, 88.89237487792968, 89.39380157470703, 87.59527786254883, 86.4676498413086, 85.28413101196288, 86.01590927124023, 83.99969772338868, 84.46210403442383, 82.31946075439453, 81.97140258789062, 81.1242904663086, 81.58840606689454, 82.48317977905273, 81.92528091430664], "val_loss": [149.37763244628906, 129.56672119140626, 122.50106567382812, 114.75649200439453, 111.13043518066407, 109.60295669555664, 106.94451202392578, 107.15459716796875, 105.58820770263672, 104.62324554443359, 103.44254928588867, 104.2876171875, 102.32844741821289, 103.132607421875, 100.76053359985352, 100.76170547485351, 99.84773666381835, 100.30308303833007, 101.03040451049804, 100.21297210693359], "KL_loss": [10.04270871837934, 15.116018543243408, 16.302748098373414, 16.925404256184894, 17.505385042826333, 17.85604611714681, 18.096700814565022, 18.22787473678589, 18.31994946161906, 18.393816197713218, 18.4311164410909, 18.444836076100668, 18.51675583521525, 18.51381867090861, 18.533199774424236, 18.570072803497315, 18.572882092793783, 18.57314737319946, 18.608629061381023, 18.59029324213664], "loss": [173.2123659769694, 137.6028614807129, 125.52596982320149, 118.441613184611, 113.85305333455403, 110.79906138102214, 108.76225664774577, 107.1847233835856, 105.90677365620931, 104.85008117675781, 103.92003046671549, 103.18334904988606, 102.53665875752768, 101.9177875773112, 101.3955167388916, 100.95080769856771, 100.5165790049235, 100.12758125305176, 99.79649635314941, 99.43962239583334], "val_KL_loss": [13.597570400238038, 17.231390113830567, 17.88841999053955, 17.56670135498047, 17.097951622009276, 17.930959091186523, 18.05213607788086, 17.760795288085937, 17.992928047180175, 18.155595741271974, 18.158415908813478, 18.271708335876465, 18.32874984741211, 18.670506401062013, 18.441073760986328, 18.79030261993408, 18.723445472717284, 18.714676322937013, 18.54722728729248, 18.287689628601075]}