{"KL_loss": [5.570822868148486, 4.899525936444601, 5.012831061681112, 4.989613111813863, 5.4745248651504514, 5.912316007614136, 5.438789361317952, 5.656692167917887, 5.939978540738424, 6.0530382347106935, 6.398115819295247, 5.9842315848668415, 6.016152990659078, 5.956488474210103, 5.976216553052266, 6.012332396507263, 6.071530016263326, 6.462923173904419, 6.253433219591776, 6.292872905731201, 6.060747095743815, 6.041082406044007, 5.998124383290609, 5.863662050565083, 6.0464374558130904, 6.122641504605611, 5.964076860745748, 6.060739537874857, 6.384833777745564, 6.2378191471099855, 6.333267777760824, 6.229093233744304, 6.43233429590861, 6.626482618649801, 6.586045031547546, 6.886074997584025, 6.6293031628926595, 6.461431976954143, 6.298963061968485, 6.3755154021581015, 6.034523582458496, 5.934584746360779, 6.169402476946513, 6.240276605288187, 5.882908906936645, 5.88306649684906, 5.928484568595886, 6.251566603978475, 6.4613834587732955, 6.361502663294474], "val_loss": [196.94986511230468, 194.03578582763672, 186.839814453125, 183.66647064208985, 186.53260955810546, 188.1366195678711, 182.66141082763673, 183.611396484375, 184.02326293945313, 184.63268829345702, 183.92097747802734, 182.80158966064454, 185.064912109375, 187.11063018798828, 184.32370544433593, 185.63945709228517, 181.182939453125, 184.5082516479492, 183.99708343505858, 183.0243032836914, 181.39168029785156, 182.2336376953125, 181.12349029541016, 181.62973236083985, 183.77880462646485, 183.45321563720702, 181.985595703125, 182.31166809082032, 183.84206481933595, 180.88718017578125, 188.7477651977539, 181.21060546875, 182.4696502685547, 187.2095669555664, 184.57626831054688, 184.64160583496093, 186.27857177734376, 183.75910064697266, 183.04605194091798, 183.82643341064454, 181.27892028808594, 182.74925018310546, 182.21016479492187, 184.2889254760742, 181.2266375732422, 180.88623748779298, 182.46352844238282, 181.90292053222657, 183.7075164794922, 180.90210144042967], "recon_loss": [213.37380818684895, 193.30316396077475, 185.80492014567056, 181.5879522196452, 181.52151850382486, 182.27472483317058, 180.84932820638022, 180.35435602823893, 180.4423777770996, 180.43875829060872, 180.81732752482097, 179.36554153442384, 179.03148971557619, 178.9955008951823, 178.7897090657552, 178.50284357706707, 178.3256837463379, 179.10778350830077, 178.35443440755208, 178.5080884297689, 178.27120320638022, 177.91422938028973, 177.73519215901692, 177.66771876017253, 177.7299011230469, 177.85291763305665, 177.7384767659505, 177.88320658365885, 178.35205500284832, 177.99686009724934, 178.1644093322754, 177.74900929768881, 178.048524017334, 178.52304194132486, 178.3853451538086, 179.3333181254069, 179.04617665608723, 178.71231374104818, 178.51674021402994, 178.68571075439453, 177.9884071858724, 177.81245193481445, 178.15564539591472, 178.20854537963868, 177.81543584187827, 177.8235885620117, 177.65632171630858, 178.2940584818522, 178.07532618204752, 178.0103894551595], "val_KL_loss": [5.361285676956177, 5.427221555709838, 4.779388971328736, 5.1483180046081545, 6.412036628723144, 5.095688781738281, 5.354184598922729, 5.944995021820068, 5.894946117401123, 6.16907790184021, 5.970975790023804, 5.68371283531189, 5.65776725769043, 6.3821905326843265, 5.40091760635376, 6.4478004264831545, 6.025433578491211, 5.906103954315186, 6.4749373435974125, 5.652722902297974, 5.763211727142334, 5.7052067947387695, 5.83453145980835, 5.695896472930908, 6.551682996749878, 5.350002679824829, 5.752347135543824, 5.7985606861114505, 6.295607109069824, 5.999720163345337, 5.55720685005188, 6.31499683380127, 6.2973707580566405, 6.023045692443848, 6.1946024894714355, 6.633317966461181, 6.367913541793823, 6.372202682495117, 6.734261426925659, 5.870851573944091, 6.132773294448852, 6.150790109634399, 6.374287004470825, 5.759484786987304, 5.906354017257691, 5.350125942230225, 5.929618463516236, 5.726393461227417, 6.669965877532959, 5.913790597915649], "val_recon_loss": [191.58857421875, 188.6085641479492, 182.0604278564453, 178.5181561279297, 180.12057556152342, 183.0409326171875, 177.30722534179688, 177.66640289306642, 178.1283157348633, 178.46360626220704, 177.95, 177.11787841796874, 179.40714233398438, 180.7284408569336, 178.92278717041015, 179.19165710449218, 175.157509765625, 178.60214782714843, 177.52214813232422, 177.3715786743164, 175.62846923828124, 176.52843322753907, 175.28895965576172, 175.9338363647461, 177.22712036132813, 178.10321228027342, 176.2332501220703, 176.5131085205078, 177.54645751953126, 174.88746154785156, 183.19056182861328, 174.8956100463867, 176.1722769165039, 181.1865200805664, 178.38166412353516, 178.00829040527344, 179.91065643310546, 177.38689483642577, 176.31179260253907, 177.9555862426758, 175.1461444091797, 176.59846130371093, 175.83587982177735, 178.52944580078125, 175.32028106689452, 175.53611206054688, 176.53391235351563, 176.17652557373046, 177.0375503540039, 174.98830841064452], "loss": [218.94463287353517, 198.20269119262696, 190.81774897257486, 186.5775638326009, 186.99604349772136, 188.18704004923504, 186.288116607666, 186.01104955037434, 186.3823559061686, 186.4917949930827, 187.21544311523436, 185.34976984659832, 185.04764083862304, 184.95198908487956, 184.7659236653646, 184.51517522176107, 184.3972143046061, 185.57070693969726, 184.60786809285483, 184.80096110026042, 184.33194727579752, 183.95531087239584, 183.73331751505535, 183.5313815307617, 183.77633799235025, 183.97555806477865, 183.70255462646483, 183.94394729614257, 184.73688710530598, 184.23467941284179, 184.49767771402995, 183.97810231526694, 184.48085815429687, 185.14952290852864, 184.97139205932618, 186.21939346313476, 185.67547973632813, 185.17374598185222, 184.81570343017577, 185.06122553507487, 184.02293045043945, 183.74703653971355, 184.32504908243814, 184.44882283528645, 183.6983444213867, 183.7066561381022, 183.5848075866699, 184.54562438964842, 184.53670700073243, 184.37189153035482]}