{"val_loss": [148.56304962158202, 140.38025390625, 138.39503051757814, 135.4104901123047, 134.81645248413085, 133.87455108642578, 132.80751770019532, 131.80217864990234, 131.49015197753906, 131.74090927124024, 131.24077011108398, 131.04769699096678, 131.0463137817383, 130.40247604370117, 130.49754928588868, 130.03400939941406, 129.80632781982422, 129.65027175903322, 129.5529637145996, 129.44853515625], "val_recon_loss": [144.2901223754883, 136.26929443359376, 134.0327227783203, 130.95812103271484, 130.34658126831056, 129.05598770141603, 128.1609635925293, 127.22646560668946, 126.86495178222657, 127.11597259521484, 126.74089645385742, 126.31991256713867, 126.39776763916015, 125.67792449951172, 125.88451614379883, 125.29772506713867, 125.00697402954101, 124.77742965698242, 124.78947677612305, 124.41391357421875], "loss": [174.32941619873046, 145.07078887939454, 139.39517008463542, 136.70676617940268, 134.89219512939454, 133.61322608947754, 132.7158908843994, 132.0327153523763, 131.4634612528483, 130.97455815633137, 130.51665814717612, 130.1803867085775, 129.81512212117514, 129.48165753682454, 129.21624585469564, 128.96297882080077, 128.73705940246583, 128.48016766866047, 128.27819661458332, 128.04728706359865], "KL_loss": [4.811777929464976, 4.207633311748505, 4.384050490061442, 4.48460236787796, 4.5806946913401285, 4.6232269620895385, 4.655630645751953, 4.697296744982402, 4.736013520558675, 4.749511721928914, 4.768894885381063, 4.804752723375956, 4.814586380322774, 4.831465137799581, 4.85107896010081, 4.8925332943598425, 4.908241909344991, 4.921544532775879, 4.934994901021321, 4.953098958333333], "recon_loss": [169.5176385498047, 140.8631557718913, 135.01111986796062, 132.22216382344564, 130.31149958292644, 128.98999888102213, 128.06026026407878, 127.33541803995769, 126.72744687398274, 126.22504587809244, 125.74776275634765, 125.37563382466634, 125.00053497314452, 124.65019248962402, 124.3651676940918, 124.07044690450033, 123.82881754557292, 123.55862325032552, 123.34320322672527, 123.09418752034505], "val_KL_loss": [4.272929682731628, 4.110955996513367, 4.362304377555847, 4.452369384765625, 4.469870557785034, 4.818563852310181, 4.646553449630737, 4.575712261199951, 4.625201997756958, 4.624931774139404, 4.49987717628479, 4.727783727645874, 4.648547592163086, 4.724550752639771, 4.613030061721802, 4.736285219192505, 4.799357299804687, 4.872841300964356, 4.763488645553589, 5.034624490737915]}