{"val_loss": [146.89527618408204, 140.1735385131836, 137.77718994140625, 135.56000534057617, 134.44281677246093, 133.53096878051758, 133.41816696166993, 132.98049545288086, 132.12808029174803, 131.60765975952148, 131.5359864807129, 130.97535400390626, 131.02972854614256, 130.42636276245116, 130.70174850463866, 130.69241897583007, 130.03337982177734, 129.89220367431642, 130.02204711914064, 129.70692276000977, 129.81995666503906, 129.42476440429687, 129.23330337524413, 129.0887710571289, 129.1992741394043, 129.10382934570313, 128.87981231689454, 128.90955108642578, 128.91278198242188, 129.15654663085937], "recon_loss": [167.68501963297527, 139.8268809000651, 134.82768987019855, 132.23695971171063, 130.5409324900309, 129.2940244293213, 128.3677923075358, 127.62311429341634, 127.00889172871908, 126.47284027099609, 126.03076652526856, 125.59576042175293, 125.26616795857747, 124.90948669433594, 124.64519813537598, 124.33588368733724, 124.04544362386068, 123.78319409688314, 123.56320083618164, 123.3172008005778, 123.08827153523762, 122.9070580291748, 122.71434557596842, 122.49653274536132, 122.33852747599283, 122.1693931833903, 122.04222142537435, 121.77784159342448, 121.63593208312989, 121.52671137491862], "loss": [172.47936518351236, 144.0553290303548, 139.2192062886556, 136.73706906636556, 135.11510159810385, 133.9229131825765, 133.0256708017985, 132.30547828674315, 131.71540891011557, 131.20322120666503, 130.7968931833903, 130.3710787455241, 130.0700318654378, 129.7343352762858, 129.4853189086914, 129.1970506286621, 128.9283351389567, 128.69751749674478, 128.49282994588216, 128.2712079366048, 128.05745012919107, 127.89045399983723, 127.71385093688964, 127.50580884297689, 127.36171160380046, 127.22149302164713, 127.09875155131022, 126.84942311604817, 126.72862670898438, 126.63796437581381], "KL_loss": [4.794345096796751, 4.228448820114136, 4.391516332626343, 4.500108599662781, 4.574169632593791, 4.628888632456461, 4.6578774913152055, 4.682363705635071, 4.706517554918925, 4.730381903648376, 4.766127667427063, 4.775318595568339, 4.803863582611084, 4.824847610791524, 4.840120471318563, 4.861166845957438, 4.8828918695449826, 4.914324007034302, 4.929630006154378, 4.954007600148519, 4.969179395039876, 4.983396224975586, 4.999506425857544, 5.009275031089783, 5.023184022903442, 5.052099440892538, 5.056529253323873, 5.071581619580587, 5.09269394715627, 5.1112542247772215], "val_KL_loss": [4.176499028205871, 4.194812703132629, 4.9023409271240235, 4.68284574508667, 4.6909879875183105, 4.480064001083374, 4.723098335266113, 4.474970798492432, 4.4842624092102055, 4.672203941345215, 4.6372952651977535, 4.727252960205078, 4.557094507217407, 4.694441156387329, 4.664462032318116, 4.60954550743103, 4.651293430328369, 4.829143867492676, 4.953351144790649, 4.90137601852417, 4.741334409713745, 4.902667150497437, 4.919794692993164, 4.915672044754029, 4.895111455917358, 5.01096960067749, 4.838014364242554, 4.929948186874389, 5.034008255004883, 4.967618036270141], "val_recon_loss": [142.71877685546875, 135.9787225341797, 132.87485092163087, 130.87716079711913, 129.75183029174804, 129.05090377807616, 128.69506790161134, 128.50552352905274, 127.64381866455078, 126.93545715332031, 126.89869018554687, 126.24810089111328, 126.47263473510742, 125.73192504882813, 126.03728668212891, 126.08287200927734, 125.38208557128907, 125.06306121826172, 125.06869400024414, 124.80554397583008, 125.07862197875977, 124.52209289550781, 124.3135090637207, 124.17309967041015, 124.30416152954102, 124.09286117553711, 124.04179885864258, 123.97960205078125, 123.87877410888672, 124.18892837524415]}